"hostname,protocol,port,username,emulation,session_name,,folder"
"135.189.159.17,SSH2,22,user,Xterm,wa1dc09ibc,,Prod ISBCs"
"135.189.159.18,SSH2,22,user,Xterm,wa1dc10ibc,,Prod ISBCs"
"135.189.92.142,SSH2,22,user,Xterm,nw1ny09ibc,,Prod ISBCs"
"135.189.92.143,SSH2,22,user,Xterm,nw1ny10ibc,,Prod ISBCs"
"135.189.92.166,SSH2,22,user,Xterm,nw1ny01ibc,,Prod ISBCs"
"135.189.92.167,SSH2,22,user,Xterm,nw1ny02ibc,,Prod ISBCs"
"135.189.92.168,SSH2,22,user,Xterm,nw1ny03ibc,,Prod ISBCs"
"135.189.92.169,SSH2,22,user,Xterm,nw1ny04ibc,,Prod ISBCs"
"135.189.92.170,SSH2,22,user,Xterm,nw1ny05ibc,,Prod ISBCs"
"135.189.92.171,SSH2,22,user,Xterm,nw1ny06ibc,,Prod ISBCs"
"135.189.92.172,SSH2,22,user,Xterm,nw1ny07ibc,,Prod ISBCs"
"135.189.92.173,SSH2,22,user,Xterm,nw1ny08ibc,,Prod ISBCs"
"135.190.164.244,SSH2,22,user,Xterm,or0fl01zbc,,Prod ISBCs"
"135.190.164.245,SSH2,22,user,Xterm,or0fl02zbc,,Prod ISBCs"
"135.190.170.100,SSH2,22,user,Xterm,at1ga05ibc,,Prod ISBCs"
"135.190.170.101,SSH2,22,user,Xterm,at1ga06ibc,,Prod ISBCs"
"135.190.170.132,SSH2,22,user,Xterm,ow1fl15ibc,,Prod ISBCs"
"135.190.170.133,SSH2,22,user,Xterm,ow1fl16ibc,,Prod ISBCs"
"135.190.170.134,SSH2,22,user,Xterm,ow1fl13ibc,,Prod ISBCs"
"135.190.170.135,SSH2,22,user,Xterm,ow1fl14ibc,,Prod ISBCs"
"135.190.170.136,SSH2,22,user,Xterm,ow1fl11ibc,,Prod ISBCs"
"135.190.170.137,SSH2,22,user,Xterm,ow1fl12ibc,,Prod ISBCs"
"135.190.170.138,SSH2,22,user,Xterm,ow1fl09ibc,,Prod ISBCs"
"135.190.170.139,SSH2,22,user,Xterm,ow1fl10ibc,,Prod ISBCs"
"135.190.170.140,SSH2,22,user,Xterm,ow1fl07ibc,,Prod ISBCs"
"135.190.170.141,SSH2,22,user,Xterm,ow1fl08ibc,,Prod ISBCs"
"135.190.170.18,SSH2,22,user,Xterm,at1ga17ibc,,Prod ISBCs"
"135.190.170.19,SSH2,22,user,Xterm,at1ga18ibc,,Prod ISBCs"
"135.190.170.197,SSH2,22,user,Xterm,ow1fl01ibc,,Prod ISBCs"
"135.190.170.198,SSH2,22,user,Xterm,ow1fl02ibc,,Prod ISBCs"
"135.190.170.199,SSH2,22,user,Xterm,ow1fl03ibc,,Prod ISBCs"
"135.190.170.20,SSH2,22,user,Xterm,at1ga15ibc,,Prod ISBCs"
"135.190.170.200,SSH2,22,user,Xterm,ow1fl04ibc,,Prod ISBCs"
"135.190.170.201,SSH2,22,user,Xterm,ow1fl05ibc,,Prod ISBCs"
"135.190.170.202,SSH2,22,user,Xterm,ow1fl06ibc,,Prod ISBCs"
"135.190.170.21,SSH2,22,user,Xterm,at1ga16ibc,,Prod ISBCs"
"135.190.170.24,SSH2,22,user,Xterm,at1ga11ibc,,Prod ISBCs"
"135.190.170.25,SSH2,22,user,Xterm,at1ga12ibc,,Prod ISBCs"
"135.190.170.26,SSH2,22,user,Xterm,at1ga09ibc,,Prod ISBCs"
"135.190.170.27,SSH2,22,user,Xterm,at1ga10ibc,,Prod ISBCs"
"135.190.170.31,SSH2,22,user,Xterm,at1ga07ibc,,Prod ISBCs"
"135.190.170.32,SSH2,22,user,Xterm,at1ga08ibc,,Prod ISBCs"
"135.190.170.35,SSH2,22,user,Xterm,aa0ga01zbc,,Prod ISBCs"
"135.190.170.36,SSH2,22,user,Xterm,aa0ga02zbc,,Prod ISBCs"
"135.190.170.96,SSH2,22,user,Xterm,at1ga01ibc,,Prod ISBCs"
"135.190.170.97,SSH2,22,user,Xterm,at1ga02ibc,,Prod ISBCs"
"135.190.170.98,SSH2,22,user,Xterm,at1ga03ibc,,Prod ISBCs"
"135.190.170.99,SSH2,22,user,Xterm,at1ga04ibc,,Prod ISBCs"
"135.191.113.51,SSH2,22,user,Xterm,ho1tx05ibc,,Prod ISBCs"
"135.191.113.52,SSH2,22,user,Xterm,ho1tx06ibc,,Prod ISBCs"
"135.191.197.10,SSH2,22,user,Xterm,da1tx17ibc,,Prod ISBCs"
"135.191.197.11,SSH2,22,user,Xterm,da1tx18ibc,,Prod ISBCs"
"135.191.197.12,SSH2,22,user,Xterm,da1tx15ibc,,Prod ISBCs"
"135.191.197.13,SSH2,22,user,Xterm,da1tx16ibc,,Prod ISBCs"
"135.191.197.14,SSH2,22,user,Xterm,da1tx09ibc,,Prod ISBCs"
"135.191.197.140,SSH2,22,user,Xterm,ho1tx17ibc,,Prod ISBCs"
"135.191.197.141,SSH2,22,user,Xterm,ho1tx18ibc,,Prod ISBCs"
"135.191.197.142,SSH2,22,user,Xterm,ho1tx15ibc,,Prod ISBCs"
"135.191.197.143,SSH2,22,user,Xterm,ho1tx16ibc,,Prod ISBCs"
"135.191.197.144,SSH2,22,user,Xterm,ho1tx13ibc,,Prod ISBCs"
"135.191.197.145,SSH2,22,user,Xterm,ho1tx14ibc,,Prod ISBCs"
"135.191.197.146,SSH2,22,user,Xterm,ho1tx11ibc,,Prod ISBCs"
"135.191.197.147,SSH2,22,user,Xterm,ho1tx12ibc,,Prod ISBCs"
"135.191.197.148,SSH2,22,user,Xterm,ho1tx09ibc,,Prod ISBCs"
"135.191.197.149,SSH2,22,user,Xterm,ho1tx10ibc,,Prod ISBCs"
"135.191.197.15,SSH2,22,user,Xterm,da1tx10ibc,,Prod ISBCs"
"135.191.197.150,SSH2,22,user,Xterm,ho1tx07ibc,,Prod ISBCs"
"135.191.197.151,SSH2,22,user,Xterm,ho1tx08ibc,,Prod ISBCs"
"135.191.197.16,SSH2,22,user,Xterm,da1tx13ibc,,Prod ISBCs"
"135.191.197.174,SSH2,22,user,Xterm,ho1tx01ibc,,Prod ISBCs"
"135.191.197.175,SSH2,22,user,Xterm,ho1tx02ibc,,Prod ISBCs"
"135.191.197.176,SSH2,22,user,Xterm,ho1tx03ibc,,Prod ISBCs"
"135.191.197.177,SSH2,22,user,Xterm,ho1tx04ibc,,Prod ISBCs"
"135.191.197.18,SSH2,22,user,Xterm,da1tx11ibc,,Prod ISBCs"
"135.191.197.19,SSH2,22,user,Xterm,da1tx12ibc,,Prod ISBCs"
"135.191.197.20,SSH2,22,user,Xterm,da1tx07ibc,,Prod ISBCs"
"135.191.197.21,SSH2,22,user,Xterm,da1tx08ibc,,Prod ISBCs"
"135.191.197.26,SSH2,22,user,Xterm,da0tx01ebc,,Prod ISBCs"
"135.191.197.27,SSH2,22,user,Xterm,da0tx02ebc,,Prod ISBCs"
"135.191.197.66,SSH2,22,user,Xterm,da1tx01ibc,,Prod ISBCs"
"135.191.197.67,SSH2,22,user,Xterm,da1tx02ibc,,Prod ISBCs"
"135.191.197.68,SSH2,22,user,Xterm,da1tx03ibc,,Prod ISBCs"
"135.191.197.69,SSH2,22,user,Xterm,da1tx04ibc,,Prod ISBCs"
"135.191.197.74,SSH2,22,user,Xterm,da1tx05ibc,,Prod ISBCs"
"135.191.197.75,SSH2,22,user,Xterm,da1tx06ibc,,Prod ISBCs"
"135.192.169.149,SSH2,22,user,Xterm,cl0oh01zbc,,Prod ISBCs"
"135.192.169.150,SSH2,22,user,Xterm,cl0oh02zbc,,Prod ISBCs"
"135.192.180.23,SSH2,22,user,Xterm,ch1il15ibc,,Prod ISBCs"
"135.192.180.24,SSH2,22,user,Xterm,ch1il16ibc,,Prod ISBCs"
"135.192.180.29,SSH2,22,user,Xterm,ch1il09ibc,,Prod ISBCs"
"135.192.180.30,SSH2,22,user,Xterm,ch1il10ibc,,Prod ISBCs"
"135.192.180.31,SSH2,22,user,Xterm,ch1il07ibc,,Prod ISBCs"
"135.192.180.32,SSH2,22,user,Xterm,ch1il08ibc,,Prod ISBCs"
"135.192.180.36,SSH2,22,user,Xterm,ch1il05ibc,,Prod ISBCs"
"135.192.180.37,SSH2,22,user,Xterm,ch1il06ibc,,Prod ISBCs"
"135.192.180.40,SSH2,22,user,Xterm,ch0il01ebc,,Prod ISBCs"
"135.192.180.41,SSH2,22,user,Xterm,ch0il02ebc,,Prod ISBCs"
"135.192.180.42,SSH2,22,user,Xterm,ch0il01zbc,,Prod ISBCs"
"135.192.180.43,SSH2,22,user,Xterm,ch0il02zbc,,Prod ISBCs"
"135.192.180.78,SSH2,22,user,Xterm,ch1il01ibc,,Prod ISBCs"
"135.192.180.79,SSH2,22,user,Xterm,ch1il02ibc,,Prod ISBCs"
"135.192.180.80,SSH2,22,user,Xterm,ch1il03ibc,,Prod ISBCs"
"135.192.180.81,SSH2,22,user,Xterm,ch1il04ibc,,Prod ISBCs"
"135.192.188.23,SSH2,22,user,Xterm,cl1oh15ibc,,Prod ISBCs"
"135.192.188.24,SSH2,22,user,Xterm,cl1oh16ibc,,Prod ISBCs"
"135.192.188.29,SSH2,22,user,Xterm,cl1oh09ibc,,Prod ISBCs"
"135.192.188.30,SSH2,22,user,Xterm,cl1oh10ibc,,Prod ISBCs"
"135.192.188.31,SSH2,22,user,Xterm,cl1oh07ibc,,Prod ISBCs"
"135.192.188.32,SSH2,22,user,Xterm,cl1oh08ibc,,Prod ISBCs"
"135.192.188.36,SSH2,22,user,Xterm,cl1oh05ibc,,Prod ISBCs"
"135.192.188.37,SSH2,22,user,Xterm,cl1oh06ibc,,Prod ISBCs"
"135.192.188.75,SSH2,22,user,Xterm,cl1oh01ibc,,Prod ISBCs"
"135.192.188.76,SSH2,22,user,Xterm,cl1oh02ibc,,Prod ISBCs"
"135.192.188.77,SSH2,22,user,Xterm,cl1oh03ibc,,Prod ISBCs"
"135.192.188.78,SSH2,22,user,Xterm,cl1oh04ibc,,Prod ISBCs"
"135.193.139.137,SSH2,22,user,Xterm,se1wa11ibc,,Prod ISBCs"
"135.193.139.138,SSH2,22,user,Xterm,se1wa12ibc,,Prod ISBCs"
"135.193.139.139,SSH2,22,user,Xterm,se1wa09ibc,,Prod ISBCs"
"135.193.139.140,SSH2,22,user,Xterm,se1wa10ibc,,Prod ISBCs"
"135.193.139.175,SSH2,22,user,Xterm,se1wa01ibc,,Prod ISBCs"
"135.193.139.176,SSH2,22,user,Xterm,se1wa02ibc,,Prod ISBCs"
"135.193.139.177,SSH2,22,user,Xterm,se1wa03ibc,,Prod ISBCs"
"135.193.139.178,SSH2,22,user,Xterm,se1wa04ibc,,Prod ISBCs"
"135.193.139.179,SSH2,22,user,Xterm,se1wa05ibc,,Prod ISBCs"
"135.193.139.180,SSH2,22,user,Xterm,se1wa06ibc,,Prod ISBCs"
"135.193.139.181,SSH2,22,user,Xterm,se1wa07ibc,,Prod ISBCs"
"135.193.139.182,SSH2,22,user,Xterm,se1wa08ibc,,Prod ISBCs"
"135.193.182.29,SSH2,22,user,Xterm,so1ca11ibc,,Prod ISBCs"
"135.193.182.30,SSH2,22,user,Xterm,so1ca12ibc,,Prod ISBCs"
"135.193.182.34,SSH2,22,user,Xterm,so1ca09ibc,,Prod ISBCs"
"135.193.182.35,SSH2,22,user,Xterm,so1ca10ibc,,Prod ISBCs"
"135.193.182.52,SSH2,22,user,Xterm,so1ca01ibc,,Prod ISBCs"
"135.193.182.53,SSH2,22,user,Xterm,so1ca02ibc,,Prod ISBCs"
"135.193.182.54,SSH2,22,user,Xterm,so1ca03ibc,,Prod ISBCs"
"135.193.182.55,SSH2,22,user,Xterm,so1ca04ibc,,Prod ISBCs"
"135.193.182.56,SSH2,22,user,Xterm,so1ca05ibc,,Prod ISBCs"
"135.193.182.57,SSH2,22,user,Xterm,so1ca06ibc,,Prod ISBCs"
"135.193.182.58,SSH2,22,user,Xterm,so1ca07ibc,,Prod ISBCs"
"135.193.182.59,SSH2,22,user,Xterm,so1ca08ibc,,Prod ISBCs"
"135.190.170.33,SSH2,22,user,Xterm,aa0ga01stc,,Prod ISBCs"
"135.190.170.34,SSH2,22,user,Xterm,aa0ga02stc,,Prod ISBCs"
"135.192.180.38,SSH2,22,user,Xterm,ch0il01stc,,Prod ISBCs"
"135.192.180.39,SSH2,22,user,Xterm,ch0il02stc,,Prod ISBCs"
"135.192.188.38,SSH2,22,user,Xterm,cl0oh01stc,,Prod ISBCs"
"135.192.188.39,SSH2,22,user,Xterm,cl0oh02stc,,Prod ISBCs"
"135.191.197.24,SSH2,22,user,Xterm,da0tx01stc,,Prod ISBCs"
"135.191.197.25,SSH2,22,user,Xterm,da0tx02stc,,Prod ISBCs"
"135.191.197.154,SSH2,22,user,Xterm,hs0tx01stc,,Prod ISBCs"
"135.191.197.155,SSH2,22,user,Xterm,hs0tx02stc,,Prod ISBCs"
"135.189.92.146,SSH2,22,user,Xterm,nw0ny01stc,,Prod ISBCs"
"135.189.92.147,SSH2,22,user,Xterm,nw0ny02stc,,Prod ISBCs"
"135.193.184.34,SSH2,22,user,Xterm,oa0ca01stc,,Prod ISBCs"
"135.193.184.35,SSH2,22,user,Xterm,oa0ca02stc,,Prod ISBCs"
"135.190.170.145,SSH2,22,user,Xterm,or0fl01stc,,Prod ISBCs"
"135.190.170.146,SSH2,22,user,Xterm,or0fl02stc,,Prod ISBCs"
"135.193.139.141,SSH2,22,user,Xterm,se0wa01stc,,Prod ISBCs"
"135.193.139.142,SSH2,22,user,Xterm,se0wa02stc,,Prod ISBCs"
"135.193.182.36,SSH2,22,user,Xterm,so0ca01stc,,Prod ISBCs"
"135.193.182.37,SSH2,22,user,Xterm,so0ca02stc,,Prod ISBCs"
"135.189.159.19,SSH2,22,user,Xterm,wa0dc01stc,,Prod ISBCs"
"135.189.159.20,SSH2,22,user,Xterm,wa0dc02stc,,Prod ISBCs"
